,City,Country,Date,Humidity,Cloudiness,Wind Speed,Max Temp,Latitude,Longitude
0,Mahebourg,MU,1548644400,88,75,6.98,78.8,-20.41,57.7
1,Jamestown,AU,1548646669,86,0,4.97,73.75,-33.21,138.6
2,Ushuaia,AR,1548644400,53,75,12.75,50.0,-54.81,-68.31
3,Ponta do Sol,BR,1548646672,91,8,2.84,62.19,-20.63,-46.0
4,Rikitea,PF,1548646673,99,0,11.56,80.91,-23.12,-134.97
5,Albany,US,1548645480,54,75,13.87,26.96,42.65,-73.75
6,Lebu,ET,1548644400,66,0,2.24,51.8,8.96,38.73
7,East London,ZA,1548644400,88,40,5.82,68.0,-33.02,27.91
8,Penzance,GB,1548643800,100,75,9.17,41.0,50.12,-5.53
9,Cape Town,ZA,1548644400,64,0,4.7,68.0,-33.93,18.42
10,Carnarvon,ZA,1548646681,47,0,11.23,59.94,-30.97,22.13
11,Leningradskiy,RU,1548646682,96,80,32.03,0.13,69.38,178.42
12,Havre-Saint-Pierre,CA,1548644400,84,75,21.92,8.6,50.23,-63.6
13,Havre,US,1548643980,68,1,9.17,28.94,48.55,-109.68
14,Gat,SN,1548644400,30,24,2.24,75.2,14.69,-16.54
15,Mataura,NZ,1548646687,65,0,18.5,72.4,-46.19,168.86
16,Belyy Yar,RU,1548644400,45,0,13.42,1.4,53.6,91.39
17,Busselton,AU,1548646690,74,0,7.31,77.22,-33.64,115.35
18,Povenets,RU,1548646691,77,44,4.97,-0.77,62.85,34.83
19,Los Llanos de Aridane,ES,1548644400,68,0,10.29,64.4,28.66,-17.92
20,Khuzdar,PK,1548646694,71,0,3.29,32.08,27.8,66.62
21,Tolaga Bay,NZ,1548646644,50,0,8.99,83.2,-38.37,178.3
22,Vila Franca do Campo,PT,1548644400,82,20,8.05,55.4,37.72,-25.43
23,Kodiak,US,1548644100,82,90,11.41,39.92,39.95,-94.76
24,Nara,JP,1548644400,46,75,6.93,50.0,34.68,135.8
25,Tomaszow Lubelski,PL,1548646700,87,68,10.67,27.22,50.45,23.42
26,Arraial do Cabo,BR,1548646701,89,0,16.04,77.04,-22.97,-42.02
27,Punta Arenas,CL,1548644400,75,75,9.17,46.4,-53.16,-70.91
28,Bredasdorp,ZA,1548644400,82,8,11.41,68.0,-34.53,20.04
29,Shingu,JP,1548644400,100,75,4.7,50.0,33.72,135.99
30,Inongo,CD,1548646706,87,68,4.97,77.31,-1.93,18.29
31,Puerto Ayora,EC,1548646708,98,0,8.1,78.88,-0.74,-90.35
32,Upernavik,GL,1548646709,100,0,3.62,10.12,72.79,-56.15
33,Namibe,AO,1548646710,100,76,2.84,74.34,-15.19,12.15
34,Hollola,FI,1548646712,78,32,6.42,-0.86,60.99,25.5
35,Thompson,CA,1548644400,75,40,4.41,-13.01,55.74,-97.86
36,Kaeo,NZ,1548646714,47,0,15.03,83.34,-35.1,173.78
37,Tura,IN,1548646627,77,0,3.06,65.29,25.52,90.21
38,Vanimo,PG,1548646717,100,76,12.24,80.01,-2.67,141.3
39,Hilo,US,1548643980,57,20,12.75,71.96,19.71,-155.08
40,Khatanga,RU,1548646719,66,20,3.06,-35.2,71.98,102.47
41,Hithadhoo,MV,1548646721,100,24,10.33,82.21,-0.6,73.08
42,Rosarito,CO,1548644400,94,40,2.24,75.2,4.91,-75.23
43,Pevek,RU,1548646723,87,56,17.83,-6.26,69.7,170.27
44,Buin,CL,1548644400,40,0,6.93,71.6,-33.73,-70.74
45,Iqaluit,CA,1548644400,77,90,3.36,5.0,63.75,-68.52
46,Puerto Barrios,GT,1548646728,100,92,2.73,69.21,15.72,-88.58
47,Kapaa,US,1548644160,53,75,21.92,75.92,22.08,-159.32
48,Yarensk,RU,1548646730,81,92,8.99,11.65,62.17,49.09
49,Nizhneangarsk,RU,1548646732,74,68,2.95,-1.72,55.78,109.57
50,Zonguldak,TR,1548646733,98,44,3.29,38.16,41.25,31.83
51,La Ronge,CA,1548644400,71,90,19.46,5.0,55.1,-105.3
52,Guayaramerin,BO,1548646735,85,12,1.72,78.39,-10.82,-65.36
53,Tilichiki,RU,1548646737,76,88,4.18,-0.55,60.47,166.1
54,Torbay,CA,1548644400,92,90,9.17,28.4,47.66,-52.73
55,Sangar,RU,1548646739,47,48,5.53,-29.35,63.92,127.47
56,Castro,CL,1548644400,87,20,6.93,51.8,-42.48,-73.76
57,Severo-Kurilsk,RU,1548646742,100,48,6.64,26.59,50.68,156.12
58,Port Elizabeth,US,1548644160,69,1,3.36,44.06,39.31,-74.98
59,Nuevo Progreso,US,1548646500,87,1,6.93,57.02,26.05,-97.95
60,Port Hawkesbury,CA,1548644400,93,90,14.99,32.0,45.62,-61.36
61,Warrnambool,AU,1548646671,73,0,7.76,73.26,-38.38,142.48
62,Nicoya,CR,1548644400,83,0,2.24,77.0,10.15,-85.45
63,Butaritari,KI,1548646753,100,88,11.23,83.29,3.07,172.79
64,Port Alfred,ZA,1548646754,92,44,13.47,68.98,-33.59,26.89
65,Marawi,PH,1548646756,99,36,3.74,72.31,8.0,124.29
66,Jurmala,LV,1548643800,85,75,12.75,17.6,56.97,23.77
67,Barrow,AR,1548646758,78,24,14.03,78.52,-38.31,-60.23
68,Sur,OM,1548646760,100,0,9.22,68.35,22.57,59.53
69,Narayangarh,IN,1548646761,81,0,4.97,44.64,24.28,75.06
70,Najran,SA,1548644400,54,0,2.39,55.4,17.54,44.22
71,Malartic,CA,1548644400,67,20,5.82,-22.01,48.14,-78.13
72,Bilibino,RU,1548646765,41,44,2.62,-27.41,68.06,166.44
73,Provideniya,RU,1548644400,72,40,22.37,15.8,64.42,-173.23
74,Souillac,FR,1548644400,100,92,5.82,41.0,45.6,-0.6
75,Ribeira Grande,PT,1548646610,100,8,12.35,60.21,38.52,-28.7
76,Aklavik,CA,1548644400,65,90,11.41,5.0,68.22,-135.01
77,Calvinia,ZA,1548646771,44,0,5.53,55.21,-31.47,19.78
78,Flin Flon,CA,1548646772,74,76,11.23,2.65,54.77,-101.88
79,Buta,CD,1548646774,87,8,2.73,74.11,2.79,24.73
80,Mar del Plata,AR,1548646775,54,0,24.87,63.22,-46.43,-67.52
81,Chapais,CA,1548644400,68,20,14.99,-14.81,49.78,-74.86
82,Tual,ID,1548646778,100,92,15.82,81.09,-5.67,132.75
83,Sao Filipe,CV,1548646779,93,44,12.01,73.44,14.9,-24.5
84,Dikson,RU,1548646781,90,24,18.05,-10.27,73.51,80.55
85,Faya,SA,1548644400,58,0,6.93,59.0,18.39,42.45
86,Beringovskiy,RU,1548646783,89,0,3.06,-3.38,63.05,179.32
87,Rundu,NA,1548646784,98,92,11.34,64.66,-17.91,19.77
88,Ancud,CL,1548644400,87,20,6.93,51.8,-41.87,-73.83
89,Mbigou,GA,1548646787,97,88,2.62,70.06,-1.9,11.91
90,Coihaique,CL,1548644400,54,36,9.17,55.4,-45.58,-72.07
91,Hoa Binh,VN,1548644400,82,80,6.93,68.0,20.81,105.34
92,Altay,CN,1548646791,55,12,2.06,-9.5,47.83,88.13
93,Lompoc,US,1548645300,76,1,5.86,55.04,34.64,-120.46
94,Hobart,AU,1548644400,18,20,19.46,87.8,-42.88,147.33
95,Snezhnogorsk,RU,1548644400,68,0,2.24,-20.21,69.19,33.23
96,Wakkanai,JP,1548644400,79,75,9.17,28.4,45.41,141.67
97,Georgetown,GY,1548644400,100,20,2.24,73.4,6.8,-58.16
98,Linxia,CN,1548646799,75,88,2.95,21.01,35.6,103.21
99,Faanui,PF,1548646800,100,64,20.07,81.94,-16.48,-151.75
100,Vardo,US,1548645600,51,1,9.17,37.4,39.62,-77.74
101,Avarua,CK,1548644400,79,75,17.22,84.2,-21.21,-159.78
102,Eureka,US,1548645600,100,90,2.95,48.02,40.8,-124.16
103,Turukhansk,RU,1548646806,35,32,9.44,-23.81,65.8,87.96
104,Atuona,PF,1548646807,100,44,20.4,80.32,-9.8,-139.03
105,Paita,PE,1548646810,85,44,6.2,72.94,-5.09,-81.11
106,Atar,MR,1548646812,51,8,4.18,53.95,20.52,-13.05
107,Ujfeherto,HU,1548646814,64,12,5.3,16.78,47.8,21.68
108,Bundaberg,AU,1548644400,38,40,16.11,87.8,-24.87,152.35
109,Olinda,EC,1548644400,83,75,5.82,80.6,-2.03,-79.75
110,Khasan,RU,1548646817,79,0,17.6,28.84,42.43,130.64
111,Okhotsk,RU,1548646819,100,0,6.31,-10.0,59.36,143.24
112,La Palma,CO,1548646821,82,48,2.28,70.29,5.36,-74.39
113,Dourbali,TD,1548646822,29,0,9.22,63.49,11.81,15.86
114,Clyde River,CA,1548644400,76,90,18.34,-9.41,70.47,-68.59
115,Tessalit,ML,1548646824,60,0,3.74,41.08,20.2,1.01
116,Miri,NG,1548646826,56,64,3.18,65.07,10.31,9.75
117,Toma,JP,1548644400,73,75,17.22,32.0,43.82,142.6
118,New Norfolk,AU,1548644400,18,20,19.46,87.8,-42.78,147.06
119,Sechura,PE,1548646829,89,8,5.64,72.99,-5.56,-80.82
120,Yurecuaro,MX,1548646831,53,0,3.51,52.51,20.33,-102.3
121,Constitucion,MX,1548643500,22,5,4.7,44.6,23.99,-104.67
122,Sinnamary,GF,1548646833,100,92,12.91,77.94,5.38,-52.96
123,College,US,1548644280,93,90,5.41,21.02,64.86,-147.8
124,Cherskiy,RU,1548646836,62,68,7.76,-21.47,68.75,161.3
125,Shchigry,RU,1548644400,100,90,4.47,24.8,51.87,36.91
126,Gambela,ET,1548646839,73,12,5.41,62.01,8.25,34.59
127,Ust-Nera,RU,1548646840,43,48,2.17,-29.75,64.57,143.24
128,Hermanus,ZA,1548646841,88,0,7.31,58.27,-34.42,19.24
129,Ishigaki,JP,1548644400,49,20,10.29,71.6,24.34,124.16
130,Sal Rei,CV,1548644400,64,90,5.82,71.6,16.18,-22.92
131,Bambous Virieux,MU,1548644400,88,75,6.98,78.8,-20.34,57.76
132,Teya,MX,1548643500,87,20,4.7,60.8,21.05,-89.07
133,Amapa,HN,1548644400,65,40,4.7,78.8,15.09,-87.97
134,Ornskoldsvik,SE,1548645600,84,80,3.36,6.8,63.29,18.72
135,Uvinza,TZ,1548646850,92,20,2.28,59.67,-5.1,30.39
136,Longyearbyen,NO,1548643800,62,20,14.99,21.2,78.22,15.63
137,Algete,ES,1548644400,74,0,3.36,33.8,40.6,-3.5
138,Smoljan,ME,1548646854,92,64,9.22,36.72,43.09,19.23
139,Salalah,OM,1548643800,77,20,5.82,68.0,17.01,54.1
140,Dundee,GB,1548645600,64,0,8.05,33.8,56.46,-2.97
141,Tautira,PF,1548644400,65,40,9.17,82.4,-17.73,-149.15
142,Tiksi,RU,1548646859,64,24,2.73,-34.88,71.64,128.87
143,Opuwo,NA,1548646861,29,12,4.74,64.66,-18.06,13.84
144,Yulara,AU,1548644400,35,64,10.29,86.0,-25.24,130.99
145,Verkhoyansk,RU,1548646863,0,0,2.62,-58.73,67.55,133.39
146,Sola,FI,1548645600,74,0,1.12,-22.01,62.78,29.36
147,Klaksvik,FO,1548645600,74,56,10.29,30.2,62.23,-6.59
148,Haines Junction,CA,1548646867,88,68,2.28,12.24,60.75,-137.51
149,Naze,NG,1548646868,96,24,5.75,73.62,5.43,7.07
150,Broken Hill,AU,1548644400,47,92,8.05,80.6,-31.97,141.45
151,Wanning,AT,1548645600,100,75,5.82,33.8,48.64,13.53
152,Miandrivazo,MG,1548646872,97,44,2.95,69.12,-19.53,45.46
153,Norman Wells,CA,1548644400,84,20,8.05,-2.21,65.28,-126.83
154,Nikolskoye,RU,1548644400,84,20,2.24,-2.21,59.7,30.79
155,Chuy,UY,1548646876,88,12,12.24,74.61,-33.69,-53.46
156,Vaini,IN,1548644400,88,75,6.93,64.4,15.34,74.49
157,Saint-Augustin,FR,1548644400,100,90,6.93,50.0,44.83,-0.61
158,Merauke,ID,1548646880,100,92,19.51,77.53,-8.49,140.4
159,Sistranda,NO,1548643800,58,0,18.34,24.8,63.73,8.83
160,Tasiilaq,GL,1548643800,79,80,29.97,23.0,65.61,-37.64
161,Cheyenne,US,1548644280,42,75,17.22,42.08,41.14,-104.82
162,Ellensburg,US,1548644280,64,1,9.17,39.92,47.0,-120.55
163,Itoman,JP,1548644400,45,40,8.05,70.7,26.12,127.67
164,Shimanovsk,RU,1548646888,59,0,4.41,4.86,52.0,127.67
165,Muros,ES,1548644400,100,75,5.82,48.2,42.77,-9.06
166,Yellowknife,CA,1548644400,68,5,10.29,-18.41,62.45,-114.38
167,Aykhal,RU,1548646892,41,32,4.07,-27.77,65.95,111.51
168,Puerto Escondido,MX,1548646893,100,0,2.95,81.4,15.86,-97.07
169,Airai,TL,1548646894,72,88,2.39,79.74,-8.93,125.41
170,Inirida,CO,1548646896,86,12,2.06,75.73,3.87,-67.92
171,Gilbues,BR,1548646897,95,32,2.73,68.04,-9.83,-45.34
172,Lae,PG,1548644400,70,90,9.17,84.2,-6.72,146.98
173,Varhaug,NO,1548645600,74,40,1.12,28.4,58.61,5.65
174,Sirnak,TR,1548646901,93,68,2.17,30.37,37.52,42.46
175,Peniche,PT,1548644400,93,75,8.05,51.8,39.36,-9.38
176,Guerrero Negro,MX,1548646903,78,0,8.66,58.0,27.97,-114.04
177,Cairns,AU,1548644400,79,92,11.41,86.0,-16.92,145.77
178,Pacific Grove,US,1548646200,62,1,4.7,57.92,36.62,-121.92
179,Linhares,BR,1548646907,87,92,5.19,77.53,-19.38,-40.06
180,Kyle,US,1548646500,61,1,2.51,53.42,29.99,-97.88
181,Saint George,GR,1548643800,75,40,2.51,35.6,39.45,22.34
182,Zhigansk,RU,1548646911,48,48,5.53,-29.57,66.77,123.37
183,Pochutla,MX,1548643500,83,75,5.08,75.2,15.74,-96.47
184,Tuktoyaktuk,CA,1548644400,69,75,25.28,-9.41,69.44,-133.03
185,Jinan,CN,1548646915,42,56,4.52,35.82,36.65,117.11
186,Port Blair,IN,1548646916,98,44,13.91,82.84,11.67,92.75
187,Kalmunai,LK,1548646917,90,0,4.63,75.91,7.42,81.82
188,Geraldton,CA,1548644400,64,5,2.51,-43.61,49.72,-86.95
189,Hobyo,SO,1548646920,85,68,16.26,75.73,5.35,48.53
190,Hami,CN,1548646921,89,88,3.4,23.44,42.84,93.51
191,Vredendal,ZA,1548646923,56,0,4.63,62.5,-31.68,18.49
192,Inhambane,MZ,1548646693,100,8,8.21,70.6,-23.87,35.38
193,Sokolka,RU,1548646925,93,92,13.24,25.42,52.46,43.89
194,Golden,CA,1548646927,86,44,1.95,18.99,51.3,-116.96
195,Viransehir,TR,1548646928,90,88,6.2,43.92,37.24,39.76
196,Hofn,IS,1548646929,100,80,8.43,28.21,64.25,-15.21
197,Lata,IN,1548646931,70,0,1.95,25.33,30.78,78.62
198,Husavik,CA,1548646932,79,80,6.98,-4.82,50.56,-96.99
199,Walvis Bay,NA,1548644400,82,90,3.36,62.6,-22.95,14.51
200,Tuatapere,NZ,1548646934,74,0,16.71,65.52,-46.13,167.69
201,San Quintin,PH,1548646936,53,0,2.17,77.53,17.54,120.52
202,San Isidro,PH,1548646939,100,64,4.41,67.45,16.74,121.63
203,Kutum,SD,1548646940,25,0,11.23,57.1,14.2,24.66
204,Marsa Matruh,EG,1548646942,92,0,9.22,42.21,31.35,27.25
205,Hasaki,JP,1548644400,100,75,6.93,46.4,35.73,140.83
206,Ilulissat,GL,1548643800,71,76,5.82,8.6,69.22,-51.1
207,Viedma,AR,1548646946,93,0,5.97,68.04,-40.81,-62.99
208,Marzuq,YE,1548646947,86,0,2.51,35.01,14.4,46.47
209,Vryburg,ZA,1548646948,94,0,8.66,59.62,-26.96,24.73
210,Kapit,MY,1548646950,80,68,2.95,81.04,2.02,112.94
211,Cap-aux-Meules,CA,1548644400,86,40,18.34,30.2,47.38,-61.86
212,Lahaina,US,1548644160,64,75,13.87,73.04,20.87,-156.68
213,Kenai,US,1548644160,84,90,6.93,30.02,60.55,-151.26
214,Billingham,GB,1548643800,69,88,12.75,35.6,54.61,-1.29
215,Daloa,CI,1548646956,89,0,3.96,65.74,6.88,-6.45
216,Kaitangata,NZ,1548646958,73,0,17.49,71.64,-46.28,169.85
217,Sioux Lookout,CA,1548644400,68,75,4.7,-16.61,50.1,-91.92
218,Gacko,BA,1548644400,62,75,14.99,51.8,43.17,18.53
219,Karasjok,NO,1548645600,75,8,10.29,-16.61,69.47,25.52
220,Bluff,AU,1548646963,85,88,14.58,77.31,-23.58,149.07
221,Lakes Entrance,AU,1548646964,82,76,3.62,74.61,-37.88,147.99
222,Wenling,CN,1548646965,77,0,3.18,54.49,28.38,121.38
223,Marion,US,1548646500,93,20,3.36,42.8,35.21,-90.2
224,Hovd,NO,1548645600,53,0,14.99,24.8,63.83,10.7
225,Saint-Philippe,CA,1548644400,56,90,11.41,18.5,45.36,-73.48
226,Evensk,RU,1548646971,100,8,8.43,-9.05,61.92,159.24
227,Katsuura,JP,1548644400,49,75,3.36,46.4,33.93,134.5
228,Qaanaaq,GL,1548646973,89,0,8.43,-15.44,77.48,-69.36
229,Seybaplaya,MX,1548643200,100,20,14.58,59.0,19.65,-90.67
230,Poum,MK,1548646976,81,32,1.83,16.33,41.28,20.71
231,Ayan,TR,1548646977,87,56,1.72,26.23,40.67,33.6
232,Lasa,CY,1548644400,87,40,5.82,51.8,34.92,32.53
233,Camacha,PT,1548644400,59,75,6.93,60.8,33.08,-16.33
234,Mon,IN,1548646981,78,76,3.62,63.13,26.73,95.03
235,Martapura,ID,1548646982,89,44,5.19,84.19,-3.41,114.85
236,Kloulklubed,PW,1548643860,74,75,6.93,84.2,7.04,134.26
237,Whitehorse,CA,1548644400,85,40,13.87,15.8,60.72,-135.06
238,Clearwater,US,1548646500,92,90,16.11,48.92,27.97,-82.8
239,Alofi,NU,1548644400,65,0,12.75,82.4,-19.06,-169.92
240,Victoria,BN,1548644400,70,75,6.93,87.8,5.28,115.24
241,Kot Diji,PK,1548646990,88,0,2.84,47.56,27.34,68.71
242,Bandarbeyla,SO,1548646991,100,80,21.85,77.17,9.49,50.81
243,Saint-Joseph,FR,1548646200,26,8,11.41,48.2,43.56,6.97
244,Erzin,TR,1548645600,93,75,8.05,50.0,36.95,36.2
245,Dawson,US,1548645300,81,90,12.75,24.44,39.85,-89.46
246,Benton Harbor,US,1548645300,67,90,5.82,9.14,42.12,-86.45
247,Tecoanapa,MX,1548643380,78,5,5.82,78.8,16.99,-99.26
248,Fort Nelson,CA,1548644400,92,5,2.24,17.6,58.81,-122.69
249,Narsaq,GL,1548647000,79,12,12.12,10.84,60.91,-46.05
250,Riyadh,SA,1548644760,30,0,14.99,68.0,24.63,46.72
251,Valparaiso,US,1548645300,70,40,4.7,10.4,41.47,-87.06
252,Sirjan,IR,1548647004,73,0,4.63,33.79,29.44,55.67
253,Nadym,RU,1548647005,81,20,9.78,-12.56,65.53,72.51
254,Urucui,BR,1548647007,97,24,2.95,70.51,-7.23,-44.56
255,Grafton,AU,1548644400,41,0,11.41,91.4,-29.69,152.93
256,Sungaipenuh,ID,1548647009,82,24,1.83,74.47,-2.08,101.38
257,Chicama,PE,1548644400,88,75,9.17,73.4,-7.84,-79.15
258,Natalio,PY,1548647012,50,80,4.07,85.32,-26.76,-55.14
259,Oyama,JP,1548644400,41,75,2.24,42.8,36.31,139.8
260,Hihya,EG,1548644400,50,0,10.29,53.6,30.67,31.59
261,Komsomolskiy,RU,1548647016,56,56,3.18,-19.49,67.55,63.78
262,Agadir,MA,1548644400,93,20,3.36,44.6,30.42,-9.58
263,Padang,ID,1548647018,100,0,2.95,80.95,-0.92,100.36
264,Rincon,US,1548645300,93,90,3.51,48.2,32.3,-81.24
265,Manggar,ID,1548647021,86,68,10.45,84.01,-2.88,108.27
266,Jalu,LY,1548647022,79,0,2.84,35.59,29.03,21.55
267,Dongsheng,CN,1548647024,100,92,8.43,42.12,29.72,112.52
268,Karasburg,NA,1548647025,32,0,3.51,63.54,-28.01,18.75
269,Dragoman,BG,1548644400,92,8,3.36,26.6,42.92,22.93
270,Jilib,SO,1548647027,76,0,12.8,75.42,0.49,42.79
271,Ternate,PH,1548644400,58,75,13.87,82.4,14.29,120.72
272,Aketi,CD,1548647030,94,36,2.62,71.46,2.74,23.78
273,Isangel,VU,1548647031,99,76,16.71,80.05,-19.55,169.27
274,Bethel,US,1548646320,100,90,17.22,35.06,60.79,-161.76
275,Berdigestyakh,RU,1548647034,66,76,3.74,-23.05,62.1,126.7
276,Odda,NO,1548647036,90,76,2.17,8.37,60.07,6.55
277,Wakefield,GB,1548645600,71,0,18.34,35.6,53.68,-1.5
278,Santa Isabel do Rio Negro,BR,1548647039,96,32,2.62,76.14,-0.41,-65.02
279,Ponerihouen,NC,1548647040,100,56,17.6,77.49,-21.08,165.4
280,Willowmore,ZA,1548647042,86,0,2.06,42.61,-33.3,23.49
281,Silifke,TR,1548647043,100,92,6.53,46.3,36.38,33.93
282,Lavrentiya,RU,1548647044,80,48,6.2,15.39,65.58,-170.99
283,Houma,CN,1548646786,49,8,2.17,37.66,35.63,111.36
284,Rochegda,RU,1548647047,79,80,7.2,15.66,62.67,43.41
285,Kahului,US,1548644160,59,40,17.22,73.04,20.89,-156.47
286,Orsk,RU,1548644400,68,0,8.95,-18.41,51.23,58.47
287,Mehamn,NO,1548645600,92,90,20.8,19.4,71.03,27.85
288,Katherine,AU,1548644400,59,20,6.93,89.6,-14.47,132.26
289,Sitka,US,1548647053,42,0,13.13,42.88,37.17,-99.65
290,Igrim,RU,1548647054,77,44,4.63,-17.2,63.19,64.42
291,Nantucket,US,1548644160,81,1,6.93,42.98,41.28,-70.1
292,Dalby,AU,1548644400,30,0,12.75,93.2,-27.18,151.26
293,Kamenka,RU,1548647058,90,88,13.02,23.26,53.19,44.05
294,Sibu,MY,1548644400,79,75,4.7,84.2,2.29,111.83
295,Nelson Bay,AU,1548644400,58,0,12.75,84.2,-32.72,152.14
296,Touros,BR,1548644400,88,0,4.7,75.2,-5.2,-35.46
297,Kargopol,RU,1548647063,80,44,9.44,6.07,61.51,38.95
298,Luderitz,NA,1548647064,95,88,2.06,59.89,-26.65,15.16
299,Moerai,PF,1548647066,100,92,21.74,76.72,-22.43,-151.33
300,Yakeshi,CN,1548647067,71,0,5.97,5.17,49.28,120.73
301,Atasu,KZ,1548647068,57,0,11.23,-12.38,48.68,71.64
302,Turayf,SA,1548644400,100,90,5.82,51.8,31.68,38.65
303,Bowling Green,US,1548645300,75,1,3.36,35.6,36.99,-86.44
304,Udachnyy,RU,1548647072,43,44,2.39,-28.49,66.42,112.4
305,Hattiesburg,US,1548646500,90,40,2.84,44.06,31.33,-89.29
306,Baripada,IN,1548647075,75,92,9.89,64.75,21.93,86.73
307,Bara,NG,1548647076,33,8,8.88,65.65,10.41,10.6
308,Inca,EC,1548647077,82,76,3.18,77.98,-2.0,-80.62
309,Economy,US,1548646500,78,90,2.95,15.8,39.98,-85.09
310,Le Marin,MQ,1548644400,88,75,5.82,73.4,14.47,-60.87
311,Itarema,BR,1548647081,92,80,10.22,77.22,-2.92,-39.92
312,Mecca,SA,1548646845,59,32,13.24,74.29,21.43,39.83
313,Fortuna,ES,1548644400,40,0,14.99,51.8,38.18,-1.13
314,Xining,CN,1548647086,75,56,1.72,13.9,36.62,101.77
315,Saldanha,PT,1548647087,86,92,8.21,39.87,41.42,-6.55
316,Minggang,CN,1548647088,68,92,6.42,42.34,32.45,114.03
317,Aitape,PG,1548647090,100,88,7.2,78.57,-3.15,142.36
318,Nemuro,JP,1548644400,68,20,9.17,28.4,43.32,145.57
319,Baherden,TM,1548647092,71,20,2.39,40.0,38.44,57.43
320,Tvoroyri,FO,1548645600,74,32,10.29,30.2,61.56,-6.81
321,Paris,FR,1548644400,74,0,10.29,39.2,48.86,2.35
322,Chokurdakh,RU,1548647096,56,68,4.97,-32.18,70.62,147.9
323,Goderich,CA,1548647097,86,0,12.57,4.41,43.74,-81.71
324,Dori,BF,1548647099,54,0,3.18,54.36,14.03,-0.03
325,San Luis,AR,1548646810,46,0,7.43,80.41,-33.3,-66.34
326,Nanortalik,GL,1548647102,100,76,34.61,26.59,60.14,-45.24
327,Palmer,AU,1548644400,57,20,14.99,75.2,-34.85,139.16
328,Lokosovo,RU,1548647105,82,36,8.66,-12.83,61.13,74.84
329,Saskylakh,RU,1548647106,65,44,3.62,-35.2,71.97,114.09
330,Talnakh,RU,1548647107,48,24,4.74,-29.66,69.49,88.39
331,Atambua,ID,1548647109,97,100,7.65,81.85,-9.11,124.89
332,Lorengau,PG,1548647110,97,64,10.33,83.92,-2.02,147.27
333,Kabale,UG,1548647113,100,20,2.17,52.06,-1.26,29.99
334,Umm Lajj,SA,1548647114,100,92,12.46,65.56,25.02,37.27
335,Cidreira,BR,1548647116,79,8,10.45,78.52,-30.17,-50.22
336,Tyukhtet,RU,1548647117,77,68,15.59,-3.92,56.54,89.31
337,Alice Springs,AU,1548644400,31,0,12.75,87.8,-23.7,133.88
338,Aleksandrovsk,RU,1548647119,61,48,12.24,4.41,59.16,57.56
339,Tatarsk,RU,1548647121,72,20,7.99,-15.98,55.22,75.96
340,Nouadhibou,MR,1548647122,63,48,14.81,66.69,20.93,-17.03
341,Vanavara,RU,1548647123,59,48,8.88,-2.62,60.35,102.28
342,Harlingen,US,1548646500,87,1,6.93,57.02,26.19,-97.7
343,Altamira,BR,1548647126,100,92,3.85,71.95,-3.2,-52.21
344,Novovarshavka,RU,1548647128,63,32,5.19,-13.19,54.17,74.7
345,Half Moon Bay,US,1548644160,55,75,4.7,62.06,37.46,-122.43
346,Khandyga,RU,1548647130,87,12,2.62,-40.46,62.65,135.58
347,Suhbaatar,MN,1548647131,54,8,4.18,13.09,50.23,106.21
348,Coquimbo,CL,1548644400,82,20,3.36,62.6,-29.95,-71.34
349,Road Town,VG,1548643980,68,1,10.29,78.08,18.42,-64.62
350,Braintree,GB,1548645600,74,68,10.29,39.2,51.88,0.55
351,Gushikawa,JP,1548646200,45,40,6.93,70.7,26.35,127.87
352,Canon City,US,1548647138,78,0,2.73,25.56,39.46,-117.13
353,Daru,SL,1548647139,30,0,6.31,69.21,7.99,-10.85
354,Srednekolymsk,RU,1548647140,42,64,3.62,-27.23,67.46,153.71
355,Kavieng,PG,1548647141,100,80,8.43,84.24,-2.57,150.8
356,Atbasar,KZ,1548647143,61,8,5.19,-20.93,51.81,68.36
357,Morehead,US,1548646500,74,1,3.96,33.08,38.18,-83.43
358,Alugan,PH,1548647145,90,48,17.72,78.57,12.22,125.48
359,Piterka,RU,1548647147,92,88,15.7,25.11,50.68,47.44
360,Ingleside,CA,1548646500,55,90,12.75,12.02,45.0,-74.99
361,Tsabong,BW,1548647150,61,0,15.82,72.67,-26.02,22.4
362,Canutama,BR,1548647151,92,12,2.39,77.89,-6.53,-64.38
363,Bitkine,TD,1548647152,32,0,6.98,61.69,11.98,18.21
364,Vieste,IT,1548644100,100,75,5.82,46.4,41.88,16.18
365,Xai-Xai,MZ,1548647155,100,68,8.66,72.81,-25.04,33.64
366,Doka,SD,1548647156,57,0,2.73,66.19,13.52,35.76
367,San Cristobal,EC,1548644400,93,75,5.82,57.2,-0.39,-78.55
368,Henties Bay,NA,1548647159,100,92,4.74,61.69,-22.12,14.28
369,Batagay,RU,1548647160,0,0,2.84,-59.59,67.65,134.64
370,Grindavik,IS,1548646200,68,20,11.41,26.6,63.84,-22.43
371,Auchi,NG,1548647163,86,8,6.64,75.73,7.07,6.27
372,Labuhan,ID,1548647164,82,56,2.28,81.31,-2.54,115.51
373,Soyaniquilpan,MX,1548647165,81,0,2.95,34.87,19.98,-99.5
374,Edd,ER,1548647167,73,0,8.32,65.56,13.93,41.69
375,Flinders,AU,1548644400,69,90,4.7,78.8,-34.58,150.85
376,Kosh-Agach,RU,1548647171,50,12,9.55,-8.87,49.99,88.66
377,Kabalo,CD,1548647172,96,0,2.39,70.02,-6.05,26.92
378,Acapulco,MX,1548643380,78,5,5.82,78.8,16.86,-99.88
379,Tanout,NE,1548647175,42,0,9.55,54.85,14.97,8.88
380,Moree,AU,1548644400,23,40,10.29,98.6,-29.46,149.84
381,Savannakhet,TH,1548644400,64,20,2.24,73.4,16.57,104.76
382,Vao,EE,1548647179,83,64,8.55,5.44,59.1,26.19
383,Gemena,CD,1548647180,95,48,1.83,72.09,3.25,19.78
384,Garden City,US,1548645300,53,90,8.05,42.08,40.73,-73.63
385,Umea,SE,1548645600,75,40,4.7,-13.01,63.83,20.26
386,Comodoro Rivadavia,AR,1548644400,34,0,29.97,66.2,-45.87,-67.48
387,Bucerias,MX,1548643560,77,5,12.12,68.0,20.76,-105.33
388,Russell,AR,1548644400,55,0,3.36,86.0,-33.01,-68.8
389,Paamiut,GL,1548647188,100,68,20.74,24.88,61.99,-49.67
390,Kwinana,AU,1548644400,14,0,8.05,100.4,-32.25,115.77
391,Muroto,JP,1548644400,34,75,6.93,53.6,33.37,134.14
392,Neuquen,AR,1548644400,19,0,5.82,78.8,-38.95,-68.06
393,Maldonado,UY,1548644400,94,0,5.82,77.0,-34.91,-54.96
394,Parsabad,AZ,1548644400,81,0,9.17,44.6,39.65,47.92
395,Grand Gaube,MU,1548644400,88,75,5.41,78.8,-20.01,57.66
396,Guiglo,CI,1548647197,89,0,3.85,65.38,6.55,-7.5
397,The Pas,CA,1548645480,70,90,10.29,-2.21,53.82,-101.24
398,San Carlos de Bariloche,AR,1548644400,50,0,24.16,53.6,-41.13,-71.31
399,Dingle,PH,1548647201,66,32,18.5,79.6,11.0,122.67
400,Tunceli,TR,1548643800,96,75,6.93,33.8,39.11,39.55
401,Keuruu,FI,1548645600,83,8,6.93,-9.41,62.26,24.71
402,Katobu,ID,1548647205,81,68,2.17,86.89,-4.94,122.53
403,Bathsheba,BB,1548644400,78,75,17.22,77.0,13.22,-59.52
404,Kavaratti,IN,1548647208,100,0,4.41,80.37,10.57,72.64
405,Te Anau,NZ,1548647209,60,0,10.0,66.87,-45.41,167.72
406,Kaduy,RU,1548644400,76,0,4.74,-11.21,59.2,37.15
407,Tres Palos,MX,1548643380,78,5,5.82,78.8,16.83,-99.78
408,Ulety,RU,1548647213,51,56,2.73,5.89,51.36,112.48
409,Titisee-Neustadt,DE,1548645600,90,75,12.75,35.6,47.9,8.17
410,Kontagora,NG,1548647216,48,0,4.97,66.37,10.4,5.47
411,Cockburn Town,TC,1548646963,98,0,24.43,78.7,21.46,-71.14
412,Iskateley,RU,1548647218,74,88,20.29,-2.75,67.68,53.15
413,Vestmanna,FO,1548645600,74,48,10.29,30.2,62.16,-7.17
414,Mbandaka,CD,1548647221,93,88,2.84,75.24,0.05,18.26
415,Orebro,SE,1548645600,92,75,16.11,28.4,59.27,15.21
416,Kitami,JP,1548644400,79,40,8.05,32.0,43.8,143.9
417,Ugoofaaru,MV,1548647225,99,0,8.21,82.17,5.67,73.0
418,Zyryanka,RU,1548647226,37,56,2.73,-24.71,65.73,150.89
419,Nanga Eboko,CM,1548647227,99,48,6.53,70.11,4.68,12.37
420,Dubrovka,RU,1548646200,84,20,4.47,-2.21,59.85,30.93
421,Lodja,CD,1548647230,92,76,3.85,70.47,-3.52,23.6
422,Petropavlovsk-Kamchatskiy,RU,1548646200,56,8,6.71,14.0,53.05,158.65
423,Plattling,DE,1548647233,95,76,16.71,31.99,48.78,12.88
424,Launceston,AU,1548644400,46,75,24.16,73.4,-41.43,147.14
425,Macesu de Sus,RO,1548644400,100,90,3.36,28.4,43.92,23.7
426,Taitung,TW,1548646200,60,75,4.7,71.6,22.76,121.15
427,Ruginoasa,RO,1548644400,86,75,8.05,26.6,47.24,26.85
428,Peachtree City,US,1548646500,83,1,2.62,40.64,33.4,-84.6
429,Pokhara,NP,1548647240,82,8,1.95,38.74,28.21,83.99
430,Bowen,AU,1548644400,94,75,11.41,77.0,-20.01,148.25
431,Mae Ramat,TH,1548644400,60,0,1.12,71.6,16.98,98.52
432,Margate,AU,1548644400,18,20,19.46,87.8,-43.03,147.26
433,Ambanja,MG,1548647245,96,92,1.61,69.97,-13.68,48.45
434,Fomboni,KM,1548647247,100,12,10.67,81.72,-12.28,43.74
435,Naantali,FI,1548645600,92,56,13.87,12.2,60.45,22.03
436,Saravan,AM,1548646200,81,75,6.93,42.8,39.72,45.65
437,Mayo,CA,1548644400,76,20,2.24,-11.21,63.59,-135.9
438,Manicore,BR,1548647252,93,20,1.61,77.31,-5.81,-61.3
439,San Jeronimo,PE,1548647253,99,64,0.38,43.29,-13.65,-73.37
440,Deputatskiy,RU,1548647254,0,20,1.95,-49.73,69.3,139.9
441,Champerico,MX,1548643620,64,5,16.11,68.0,16.38,-93.6
442,Mayumba,GA,1548647257,100,88,5.19,78.52,-3.44,10.65
443,Bitung,ID,1548644400,83,75,3.36,80.6,1.44,125.19
444,Camocim,BR,1548647260,93,80,10.33,76.41,-2.9,-40.84
445,Athabasca,CA,1548647261,76,68,16.37,23.26,54.72,-113.29
446,Muisne,EC,1548647262,94,32,2.84,73.57,0.61,-80.02
447,Sapouy,BF,1548647263,42,0,3.18,59.17,11.55,-1.77
448,Abu Samrah,SY,1548647265,85,68,7.43,46.48,35.3,37.18
449,Pauini,BR,1548647266,85,64,5.97,80.32,-7.71,-67.0
450,Makakilo City,US,1548644220,46,1,9.17,75.92,21.35,-158.09
451,Coos Bay,US,1548644160,96,1,2.84,48.92,43.37,-124.22
452,Lagoa,PT,1548644400,62,0,4.7,51.8,37.14,-8.45
453,Wanaka,NZ,1548647173,53,0,5.75,72.94,-44.7,169.14
454,Zlynka,RU,1548646200,91,90,4.47,-2.21,52.43,31.74
455,East Wenatchee Bench,US,1548646080,92,40,4.7,39.92,47.43,-120.28
456,Luau,CD,1548647275,96,32,2.39,63.81,-10.7,22.23
457,Marsh Harbour,BS,1548647276,98,36,21.63,76.9,26.54,-77.06
458,Ngara,TZ,1548647278,90,32,2.28,58.72,-2.51,30.66
459,Puerto Leguizamo,CO,1548647279,90,12,2.17,76.14,-0.19,-74.78
460,Wellington,NZ,1548646200,65,0,25.28,77.0,-41.29,174.78
461,Baglung,NP,1548647282,79,0,1.95,38.97,28.27,83.59
462,Devils Lake,US,1548645360,77,90,14.99,-0.41,48.11,-98.87
463,Baykit,RU,1548647284,58,56,10.67,-13.1,61.68,96.39
464,Mattawa,CA,1548644400,75,20,5.82,-20.21,46.32,-78.7
465,Kieta,PG,1548647287,99,20,3.18,83.07,-6.22,155.63
466,Uyemskiy,RU,1548646200,84,40,6.71,5.0,64.47,40.85
467,Peresichna,UA,1548646200,85,90,8.95,19.4,50.02,35.98
468,Cayenne,GF,1548646200,88,20,3.36,77.0,4.94,-52.33
469,Kirkuk,IQ,1548647292,98,92,13.35,55.71,35.47,44.4
470,Lazurne,UA,1548647294,86,0,3.29,16.78,46.77,34.99
471,Garango,BF,1548647295,52,0,3.96,58.77,11.8,-0.55
472,Port Moresby,PG,1548644400,59,40,11.41,91.4,-9.47,147.16
473,Surt,LY,1548647297,100,0,14.7,48.91,31.21,16.59
474,Bestobe,KZ,1548647299,67,24,3.06,-14.5,52.5,73.1
475,Sibolga,ID,1548647300,100,100,2.62,69.43,1.74,98.78
476,Baghdad,IQ,1548646200,100,75,11.41,59.0,33.3,44.38
477,Nanakuli,US,1548644220,64,40,10.29,75.92,21.39,-158.15
478,Port-Cartier,CA,1548644400,85,90,18.34,14.0,50.03,-66.88
479,Victoria,BN,1548644400,70,75,6.93,87.8,5.28,115.24
480,Hervey Bay,AU,1548644400,38,40,16.11,87.8,-25.3,152.85
481,Karratha,AU,1548647308,78,76,10.78,80.23,-20.74,116.85
482,Kruisfontein,ZA,1548647310,87,80,12.91,67.36,-34.0,24.73
483,Abadiania,BR,1548644400,88,40,4.7,66.2,-16.2,-48.71
484,Kanye,BW,1548647312,79,44,14.81,65.47,-24.98,25.34
485,Tabuk,PH,1548647314,75,36,2.51,66.42,17.41,121.44
486,Weligama,LK,1548647315,100,0,4.63,77.98,5.97,80.42
487,Mestia,GE,1548647316,98,48,1.39,15.07,43.04,42.73
488,Miquelon,PM,1548647317,100,64,18.39,32.08,47.1,-56.38
489,Raasiku,EE,1548645600,92,0,11.41,8.6,59.37,25.18
490,Aksu,KZ,1548646200,74,40,4.47,-23.81,52.04,76.93
491,Dayong,PH,1548647321,100,12,25.55,77.98,11.74,122.04
492,Bambanglipuro,ID,1548647323,88,0,2.84,84.28,-7.95,110.28
493,Palana,RU,1548647324,74,32,2.51,2.61,59.08,159.95
494,Cabo San Lucas,MX,1548643500,72,5,9.17,68.0,22.89,-109.91
495,Boa Vista,BR,1548644400,54,0,12.75,84.2,2.82,-60.67
496,Lardos,GR,1548645600,100,40,3.36,50.0,36.09,28.02
497,Saint Lawrence,MT,1548645300,76,0,9.17,55.4,36.06,14.2
498,Robertsport,LR,1548647332,99,0,11.12,83.11,6.75,-11.37
499,Port Lincoln,AU,1548647333,74,0,9.44,74.2,-34.72,135.86
500,Sao Luiz Gonzaga,BR,1548647334,78,8,5.19,77.67,-28.41,-54.96
501,Naryan-Mar,RU,1548647336,73,88,19.28,-2.39,67.67,53.09
502,Yerbogachen,RU,1548647337,62,36,9.22,0.22,61.28,108.01
503,Nisshin,JP,1548646200,84,75,5.82,44.6,35.17,136.96
504,Kromy,RU,1548647339,96,92,3.4,28.48,52.69,35.77
505,Mao,DO,1548644400,100,20,9.17,73.4,19.55,-71.08
506,Dunedin,NZ,1548647342,75,36,6.2,74.07,-45.87,170.5
507,Soke,ML,1548647343,45,0,7.76,56.74,13.6,-5.94
508,Port-Gentil,GA,1548647345,99,0,3.51,79.33,-0.72,8.78
509,Mount Isa,AU,1548646920,26,40,17.22,96.8,-20.73,139.49
510,Dwarka,IN,1548646200,87,0,5.82,46.4,28.58,77.04
511,Anadyr,RU,1548646200,76,0,15.66,-5.81,64.73,177.51
512,Burnie,AU,1548647350,95,44,17.83,65.47,-41.05,145.91
513,Chara,GR,1548643800,75,40,2.51,35.6,39.42,22.43
514,Taybad,IR,1548647352,83,8,5.75,31.27,34.74,60.78
515,Olinala,MX,1548647354,67,0,2.62,59.98,17.83,-98.85
516,Bhagalpur,IN,1548647355,85,12,8.88,59.22,25.25,86.98
517,Hambantota,LK,1548645000,78,0,10.29,80.6,6.12,81.12
518,Castanos,MX,1548647358,83,0,3.4,37.84,26.78,-101.42
519,Adrar,DZ,1548644400,43,0,8.05,50.0,27.87,-0.29
520,Seydi,NE,1548647360,39,0,8.77,56.16,13.34,7.75
521,Yar,RU,1548647361,83,88,13.35,9.49,58.24,52.11
522,Morondava,MG,1548647363,100,8,7.43,74.61,-20.3,44.28
523,Rome,IT,1548645600,87,40,5.82,51.8,41.89,12.48
524,Caravelas,BR,1548647365,100,92,9.89,80.23,-17.73,-39.27
525,Pacifica,US,1548646800,87,20,9.17,62.06,37.61,-122.49
526,Port Hedland,AU,1548644400,59,36,12.75,89.6,-20.31,118.58
527,Safford,US,1548643860,35,1,3.36,44.96,32.83,-109.71
528,Namatanai,PG,1548647370,95,68,9.66,85.54,-3.66,152.44
529,Freeport,BS,1548647197,100,92,25.1,73.03,26.54,-78.7
530,Rocha,UY,1548647373,71,8,9.22,76.59,-34.48,-54.34
531,Tuxpan,MX,1548643260,88,5,2.73,66.2,19.56,-103.38
532,Bisira,PA,1548647376,72,0,2.39,76.77,8.52,-81.71
533,Huaicheng,CN,1548647377,76,56,3.74,59.89,23.91,112.19
534,Mabaruma,GY,1548647379,88,92,7.54,77.22,8.2,-59.78
535,Quatre Cocos,MU,1548644400,88,75,6.98,78.8,-20.21,57.76
536,Jasper,US,1548645300,100,0,2.39,44.06,33.83,-87.28
537,Makubetsu,JP,1548644400,72,75,5.82,17.6,42.84,143.34
538,Tabou,CI,1548647384,100,0,12.8,82.39,4.42,-7.36
539,Abu Kamal,SY,1548647385,78,92,7.43,54.04,34.45,40.92
540,Kirillov,RU,1548646200,75,0,3.96,-13.01,59.86,38.38
541,Changli,CN,1548647387,100,36,4.18,48.55,30.54,105.42
542,Gubkinskiy,RU,1548647389,70,80,11.23,-9.59,64.43,76.5
543,Yar-Sale,RU,1548647390,77,64,10.67,-11.66,66.83,70.83
544,Oktyabrskiy,RU,1548646200,85,75,6.71,15.8,55.61,37.97
545,Kupang,ID,1548646200,83,75,10.29,82.4,-10.16,123.6
546,Minot,US,1548645180,77,90,12.75,6.98,48.23,-101.3
547,Buala,SB,1548647395,86,68,7.99,85.72,-8.15,159.59
